MajorName,DepartmentID,TypeOfDegree
Human Resources,ADO,Graduate
Support,ARA,Undergraduate
Marketing,BUS,Graduate
Services,BRC,Graduate
Legal,BIO,Undergraduate
Product Management,ARH,Undergraduate
Marketing,ADO,Undergraduate
Accounting,BLW,Graduate
Human Resources,BRC,Graduate
Services,BLW,Graduate
Support,ARA,Undergraduate
Sales,ARA,Graduate
Services,AMS,Undergraduate
Marketing,BIO,Graduate
Research and Development,BUS,Graduate
Engineering,AMS,Undergraduate
Human Resources,CAS,Graduate
Legal,CAS,Undergraduate
Sales,BLW,Undergraduate
Support,ANT,Undergraduate
Services,ARH,Graduate
Support,CAS,Graduate
Product Management,ARH,Undergraduate
Accounting,BUS,Graduate
Engineering,BLW,Undergraduate
Sales,BUS,Undergraduate
Legal,BLW,Graduate
Services,ARA,Undergraduate
Support,BRC,Graduate
Human Resources,BLW,Graduate
Legal,AMS,Undergraduate
Engineering,AMS,Graduate
Human Resources,BUS,Undergraduate
Product Management,BRC,Undergraduate
Sales,BUS,Undergraduate
Training,AMS,Graduate
Support,BUS,Graduate
Services,BUS,Undergraduate
Human Resources,CAS,Undergraduate
Product Management,CAS,Undergraduate
Engineering,BLW,Graduate
Sales,AMS,Graduate
Engineering,ARH,Undergraduate
Engineering,ARH,Graduate
Engineering,BUS,Undergraduate
Marketing,ANT,Undergraduate
Business Development,BIO,Graduate
Accounting,ARA,Undergraduate
Training,BUS,Graduate
Training,ARA,Graduate
Business Development,ARA,Graduate
Support,ADO,Undergraduate
Research and Development,BRC,Graduate
Services,CAS,Graduate
Accounting,BIO,Graduate
Business Development,BRC,Undergraduate
Human Resources,ARA,Undergraduate
Legal,CAS,Graduate
Research and Development,AMS,Undergraduate
Legal,CAS,Undergraduate
Legal,ARA,Undergraduate
Product Management,BLW,Undergraduate
Research and Development,BUS,Graduate
Human Resources,BIO,Undergraduate
Accounting,AMS,Graduate
Support,BIO,Graduate
Marketing,ARA,Graduate
Sales,BUS,Graduate
Support,ARA,Undergraduate
Services,ANT,Graduate
Research and Development,ANT,Graduate
Legal,AMS,Graduate
Research and Development,BUS,Undergraduate
Sales,ARA,Graduate
Training,BIO,Graduate
Product Management,ARA,Graduate
Product Management,ANT,Graduate
Research and Development,ARH,Undergraduate
Human Resources,BLW,Graduate
Business Development,ARA,Undergraduate
Accounting,ADO,Graduate
Legal,BRC,Graduate
Services,BUS,Graduate
Human Resources,BRC,Graduate
Research and Development,ADO,Graduate
Accounting,BRC,Graduate
Support,BLW,Graduate
Training,AMS,Undergraduate
Training,ADO,Undergraduate
Human Resources,BRC,Graduate
Engineering,BRC,Undergraduate
Support,ARH,Graduate
Services,BRC,Graduate
Services,BRC,Undergraduate
Support,ANT,Undergraduate
Engineering,CAS,Undergraduate
Sales,ARA,Undergraduate
Services,BIO,Graduate
Sales,BRC,Undergraduate
Sales,ARH,Undergraduate
Support,ANT,Graduate
Business Development,ARA,Undergraduate
Sales,BLW,Undergraduate
Marketing,BUS,Undergraduate
Accounting,ARA,Undergraduate
Research and Development,ADO,Undergraduate
Human Resources,ANT,Undergraduate
Engineering,BRC,Undergraduate
Product Management,BLW,Graduate
Engineering,ARA,Graduate
Research and Development,ADO,Graduate
Support,AMS,Graduate
Business Development,ARH,Graduate
Legal,ARH,Graduate
Training,BLW,Undergraduate
Research and Development,AMS,Undergraduate
Support,ARH,Undergraduate
Human Resources,ANT,Graduate
Services,CAS,Undergraduate
Sales,BLW,Graduate
Engineering,ADO,Undergraduate
Human Resources,CAS,Undergraduate
Marketing,BUS,Graduate
Business Development,ADO,Graduate
Engineering,BRC,Undergraduate
Accounting,ADO,Undergraduate
Training,ADO,Graduate
Training,AMS,Undergraduate
Support,BUS,Graduate
Sales,BLW,Graduate
Sales,BIO,Graduate
Engineering,BIO,Graduate
Human Resources,AMS,Undergraduate
Support,BRC,Undergraduate
Support,CAS,Graduate
Engineering,ARH,Graduate
Support,ARH,Graduate
Accounting,AMS,Undergraduate
Engineering,BRC,Undergraduate
Legal,CAS,Graduate
Legal,BIO,Graduate
Sales,ARA,Undergraduate
Sales,BIO,Undergraduate
Services,ARA,Graduate
Product Management,CAS,Undergraduate
Research and Development,CAS,Undergraduate
Marketing,CAS,Undergraduate
Training,ARA,Graduate
Human Resources,BIO,Undergraduate
Human Resources,BUS,Undergraduate
Support,ARH,Undergraduate
Support,BUS,Undergraduate
Research and Development,BLW,Undergraduate
Business Development,ARH,Graduate
Services,CAS,Undergraduate
Human Resources,ARH,Graduate
Human Resources,BUS,Undergraduate
Services,BIO,Undergraduate
Legal,CAS,Undergraduate
Product Management,AMS,Undergraduate
Research and Development,BLW,Undergraduate
Support,AMS,Graduate
Accounting,BIO,Undergraduate
Support,AMS,Graduate
Services,BRC,Graduate
Services,AMS,Undergraduate
Legal,BLW,Graduate
Research and Development,BUS,Graduate
Marketing,BRC,Undergraduate
Legal,ANT,Undergraduate
Legal,BIO,Graduate
Sales,BUS,Graduate
Sales,BLW,Undergraduate
Sales,BIO,Graduate
Sales,CAS,Undergraduate
Marketing,BUS,Graduate
Support,ANT,Graduate
Human Resources,BIO,Graduate
Research and Development,ARH,Graduate
Services,BUS,Undergraduate
Services,ANT,Undergraduate
Services,AMS,Graduate
Marketing,ARA,Graduate
Marketing,AMS,Graduate
Accounting,ARH,Graduate
Business Development,ARH,Undergraduate
Product Management,BUS,Graduate
Support,AMS,Graduate
Research and Development,BRC,Undergraduate
Accounting,ARA,Undergraduate
Services,CAS,Graduate
Training,ARH,Graduate
Support,BRC,Undergraduate
Research and Development,BUS,Undergraduate
Accounting,BLW,Undergraduate
Human Resources,BLW,Undergraduate
Support,ANT,Graduate
Marketing,BLW,Graduate
Training,ANT,Undergraduate
Training,BLW,Undergraduate
Training,ANT,Graduate
Engineering,BRC,Graduate
Human Resources,BLW,Graduate
Marketing,ADO,Undergraduate
Legal,ANT,Undergraduate
Business Development,ARA,Undergraduate
Services,CAS,Undergraduate
Sales,ANT,Undergraduate
Services,ARA,Undergraduate
Accounting,ADO,Undergraduate
Product Management,BRC,Graduate
Training,ARA,Undergraduate
Product Management,BIO,Graduate
Accounting,BRC,Undergraduate
Training,ADO,Undergraduate
Legal,AMS,Undergraduate
Legal,ARA,Graduate
Sales,BLW,Graduate
Training,CAS,Graduate
Sales,ADO,Undergraduate
Training,BUS,Graduate
Sales,CAS,Graduate
Training,BRC,Undergraduate
Research and Development,AMS,Undergraduate
Sales,ARH,Undergraduate
Business Development,ARH,Undergraduate
Support,CAS,Undergraduate
Business Development,ARH,Undergraduate
Accounting,CAS,Graduate
Marketing,AMS,Undergraduate
Product Management,ADO,Graduate
Services,ADO,Undergraduate
Training,BIO,Undergraduate
Sales,BUS,Undergraduate
Research and Development,BIO,Graduate
Legal,AMS,Undergraduate
Services,ARH,Graduate
Support,ARH,Undergraduate
Accounting,BUS,Graduate
Services,BLW,Undergraduate
Product Management,BRC,Undergraduate
Research and Development,CAS,Graduate
Services,ANT,Undergraduate
Human Resources,CAS,Graduate
Services,ADO,Undergraduate
Accounting,CAS,Graduate
Legal,BIO,Graduate
Marketing,AMS,Graduate
Research and Development,CAS,Undergraduate
Human Resources,BRC,Graduate
Support,ARH,Undergraduate
Accounting,BLW,Undergraduate
Legal,BIO,Graduate
Legal,BUS,Graduate
Support,BIO,Graduate
Training,ANT,Undergraduate
Accounting,BLW,Undergraduate
Legal,BLW,Undergraduate
Human Resources,BIO,Graduate
Marketing,ANT,Graduate
Legal,ARH,Undergraduate
Human Resources,BRC,Graduate
Training,ARH,Undergraduate
Support,ARA,Graduate
Training,BIO,Undergraduate
Accounting,BRC,Undergraduate
Research and Development,AMS,Undergraduate
Legal,CAS,Undergraduate
Support,BUS,Undergraduate
Support,CAS,Undergraduate
Marketing,ADO,Undergraduate
Services,BLW,Undergraduate
Business Development,BLW,Undergraduate
Marketing,ARH,Undergraduate
Support,ARA,Undergraduate
Training,ARH,Undergraduate
Legal,BUS,Undergraduate
Accounting,CAS,Graduate
Legal,ANT,Graduate
Training,ANT,Graduate
Training,ARH,Graduate
Business Development,ARA,Graduate
Research and Development,BLW,Undergraduate
Business Development,ANT,Undergraduate
Support,ANT,Undergraduate
Human Resources,ANT,Undergraduate
Business Development,BLW,Graduate
Product Management,ARH,Undergraduate
Services,BLW,Undergraduate
Legal,ARH,Undergraduate
Accounting,ADO,Graduate
Legal,ADO,Undergraduate
Research and Development,ARA,Undergraduate
Research and Development,ARA,Undergraduate
Marketing,BUS,Undergraduate
Legal,BLW,Undergraduate
Training,AMS,Graduate
Marketing,CAS,Undergraduate
Business Development,ANT,Undergraduate
Research and Development,BRC,Graduate
Research and Development,ADO,Undergraduate
Services,ADO,Graduate
Sales,AMS,Graduate
Training,BUS,Graduate
Marketing,BIO,Graduate
Engineering,ARH,Graduate
Services,CAS,Graduate
Legal,BUS,Undergraduate
Engineering,CAS,Undergraduate
Accounting,BLW,Graduate
Product Management,BUS,Graduate
Legal,ADO,Graduate
Accounting,ADO,Undergraduate
Training,CAS,Undergraduate
Research and Development,CAS,Undergraduate
Legal,ADO,Undergraduate
Business Development,BUS,Undergraduate
Product Management,BIO,Undergraduate
Business Development,BUS,Undergraduate
Engineering,ARH,Undergraduate
Research and Development,ARH,Undergraduate
Human Resources,ADO,Graduate
Business Development,BIO,Undergraduate
Engineering,BIO,Graduate
Legal,BUS,Graduate
Legal,CAS,Graduate
Product Management,CAS,Undergraduate
Research and Development,ARA,Graduate
Sales,BUS,Graduate
Services,AMS,Graduate
Legal,BRC,Undergraduate
Support,BRC,Undergraduate
Business Development,AMS,Graduate
Engineering,AMS,Undergraduate
Marketing,ARA,Undergraduate
Support,BRC,Undergraduate
Human Resources,ARH,Undergraduate
Training,ARH,Undergraduate
Engineering,BUS,Undergraduate
Marketing,ARA,Undergraduate
Human Resources,BIO,Graduate
Training,ARA,Undergraduate
Engineering,CAS,Graduate
Human Resources,BUS,Undergraduate
Marketing,BUS,Graduate
Support,BIO,Graduate
Legal,ARA,Graduate
Business Development,BUS,Graduate
Support,ANT,Undergraduate
Engineering,ARA,Graduate
Marketing,ARA,Graduate
Human Resources,ANT,Graduate
Research and Development,BRC,Graduate
Product Management,ADO,Graduate
Services,BRC,Graduate
Research and Development,AMS,Undergraduate
Human Resources,BUS,Undergraduate
Training,ARA,Graduate
Research and Development,ANT,Undergraduate
Legal,ARA,Undergraduate
Research and Development,AMS,Graduate
Support,BIO,Graduate
Research and Development,ARA,Undergraduate
Engineering,BLW,Undergraduate
Training,BRC,Undergraduate
Training,BLW,Graduate
Engineering,BLW,Undergraduate
Human Resources,BLW,Undergraduate
Sales,BIO,Graduate
Marketing,ANT,Graduate
Human Resources,BRC,Undergraduate
Human Resources,ADO,Undergraduate
Training,BLW,Graduate
Training,BLW,Graduate
Research and Development,CAS,Undergraduate
Product Management,CAS,Undergraduate
Services,ADO,Graduate
Business Development,BRC,Undergraduate
Sales,BIO,Graduate
Training,BIO,Undergraduate
Sales,BUS,Graduate
Human Resources,BLW,Undergraduate
Business Development,CAS,Undergraduate
Sales,ARA,Undergraduate
Marketing,ADO,Undergraduate
Product Management,AMS,Undergraduate
Services,ARH,Graduate
Human Resources,BUS,Graduate
Accounting,AMS,Undergraduate
Legal,BLW,Undergraduate
Accounting,BIO,Undergraduate
Training,ARH,Undergraduate
Sales,CAS,Undergraduate
Legal,AMS,Undergraduate
Product Management,ADO,Undergraduate
Sales,ADO,Graduate
Support,ARH,Graduate
Marketing,BRC,Graduate
Research and Development,ARH,Graduate
Support,CAS,Undergraduate
Business Development,AMS,Graduate
Product Management,BUS,Undergraduate
Support,BIO,Undergraduate
Research and Development,BLW,Undergraduate
Legal,BRC,Undergraduate
Support,BLW,Undergraduate
Business Development,AMS,Graduate
Training,ANT,Undergraduate
Training,BUS,Undergraduate
Legal,BIO,Graduate
Services,ARA,Undergraduate
Engineering,AMS,Undergraduate
Sales,AMS,Undergraduate
Support,CAS,Graduate
Legal,BUS,Graduate
Research and Development,ARA,Graduate
Product Management,ANT,Undergraduate
Research and Development,BUS,Undergraduate
Research and Development,ADO,Graduate
Human Resources,BIO,Undergraduate
Business Development,BLW,Graduate
Accounting,BIO,Graduate
Product Management,BLW,Undergraduate
Services,BLW,Undergraduate
Research and Development,BLW,Graduate
Human Resources,ARH,Graduate
Legal,ANT,Graduate
Legal,AMS,Undergraduate
Sales,CAS,Graduate
Legal,ANT,Undergraduate
Training,BUS,Graduate
Support,ADO,Graduate
Research and Development,BRC,Graduate
Sales,BIO,Undergraduate
Accounting,ARH,Undergraduate
Human Resources,BIO,Undergraduate
Human Resources,AMS,Undergraduate
Services,ARH,Undergraduate
Services,ARA,Undergraduate
Product Management,BLW,Undergraduate
Engineering,BRC,Undergraduate
Services,ANT,Graduate
Research and Development,BIO,Graduate
Training,ADO,Graduate
Marketing,BLW,Undergraduate
Sales,BLW,Graduate
Accounting,BIO,Graduate
Services,ADO,Undergraduate
Human Resources,AMS,Graduate
Training,ARH,Undergraduate
Support,ARA,Undergraduate
Sales,BIO,Undergraduate
Human Resources,ADO,Graduate
Engineering,BLW,Undergraduate
Sales,BLW,Undergraduate
Support,BUS,Graduate
Engineering,ADO,Undergraduate
Business Development,AMS,Undergraduate
Human Resources,BUS,Undergraduate
Accounting,BUS,Undergraduate
Business Development,ADO,Graduate
Marketing,ARA,Graduate
Business Development,BUS,Graduate
Training,ARA,Undergraduate
Engineering,ADO,Graduate
Legal,BRC,Graduate
Accounting,ADO,Undergraduate
Services,BRC,Graduate
Accounting,BLW,Undergraduate
Accounting,BUS,Undergraduate
Accounting,BIO,Undergraduate
Sales,AMS,Undergraduate
Training,ARH,Graduate
Training,BLW,Graduate
Engineering,BLW,Undergraduate
Sales,BIO,Graduate
Product Management,BRC,Graduate
Accounting,BLW,Undergraduate
Support,BLW,Undergraduate
Accounting,BRC,Undergraduate
Marketing,ANT,Graduate
Sales,ADO,Undergraduate
Business Development,BLW,Undergraduate
Support,BRC,Undergraduate
Support,BRC,Graduate
Marketing,BIO,Graduate
Business Development,AMS,Undergraduate
Services,BUS,Graduate
Human Resources,ARA,Graduate
Engineering,CAS,Undergraduate
Business Development,BLW,Undergraduate
Engineering,ARH,Graduate
Engineering,ANT,Graduate
Training,ARH,Graduate
Engineering,ARH,Undergraduate
Research and Development,BRC,Graduate
Research and Development,AMS,Graduate
Engineering,BIO,Graduate
Support,BUS,Graduate
Support,ARA,Graduate
Research and Development,BIO,Undergraduate
Business Development,AMS,Undergraduate
Sales,CAS,Undergraduate
Marketing,ANT,Undergraduate
Training,ANT,Graduate
Services,BLW,Undergraduate
Legal,ARA,Graduate
Product Management,ARH,Undergraduate
Accounting,BRC,Undergraduate
Human Resources,AMS,Undergraduate
Engineering,ARH,Graduate
Engineering,BLW,Graduate
Engineering,BRC,Undergraduate
Support,ARA,Graduate
Support,ARA,Undergraduate
Support,BUS,Graduate
Support,BRC,Undergraduate
Accounting,ARA,Undergraduate
Human Resources,ARA,Undergraduate
Accounting,BUS,Undergraduate
Sales,BLW,Undergraduate
Legal,CAS,Graduate
Accounting,ARH,Graduate
Research and Development,ANT,Undergraduate
Legal,BLW,Graduate
Business Development,BIO,Undergraduate
Services,ARA,Undergraduate
Support,ARA,Undergraduate
Human Resources,AMS,Graduate
Accounting,BRC,Graduate
Research and Development,BIO,Graduate
Business Development,BRC,Graduate
Marketing,ARH,Graduate
Human Resources,BIO,Undergraduate
Accounting,AMS,Graduate
Legal,BUS,Undergraduate
Legal,ARH,Undergraduate
Support,CAS,Undergraduate
Business Development,BLW,Graduate
Support,AMS,Undergraduate
Legal,ARH,Graduate
Services,ADO,Graduate
Marketing,CAS,Graduate
Support,BLW,Graduate
Research and Development,CAS,Graduate
Training,ANT,Undergraduate
Human Resources,ANT,Undergraduate
Marketing,ARH,Graduate
Training,BRC,Undergraduate
Engineering,BIO,Undergraduate
Human Resources,AMS,Undergraduate
Training,ADO,Undergraduate
Legal,ANT,Undergraduate
Business Development,AMS,Graduate
Engineering,AMS,Undergraduate
Marketing,BIO,Graduate
Sales,ADO,Undergraduate
Marketing,CAS,Undergraduate
Product Management,ARA,Graduate
Legal,BIO,Undergraduate
Legal,ANT,Undergraduate
Engineering,ARH,Undergraduate
Accounting,BUS,Undergraduate
Legal,BIO,Graduate
Training,ANT,Undergraduate
Engineering,CAS,Graduate
Legal,BUS,Undergraduate
Business Development,ARH,Graduate
Legal,ARA,Graduate
Product Management,ANT,Graduate
Human Resources,BRC,Graduate
Engineering,ADO,Undergraduate
Research and Development,CAS,Undergraduate
Training,CAS,Graduate
Support,BIO,Undergraduate
Sales,AMS,Graduate
Support,ARA,Graduate
Training,BIO,Undergraduate
Sales,ANT,Graduate
Product Management,BRC,Graduate
Research and Development,ADO,Undergraduate
Marketing,ANT,Undergraduate
Accounting,ARA,Graduate
Human Resources,BRC,Undergraduate
Legal,BLW,Undergraduate
Legal,ARH,Graduate
Accounting,ANT,Graduate
Support,BIO,Graduate
Research and Development,ARA,Graduate
Product Management,BLW,Undergraduate
Legal,BIO,Undergraduate
Accounting,BRC,Graduate
Legal,BRC,Undergraduate
Business Development,ARH,Undergraduate
Training,ARA,Undergraduate
Marketing,ARA,Undergraduate
Human Resources,CAS,Graduate
Research and Development,ANT,Graduate
Support,BUS,Graduate
Services,ANT,Graduate
Services,BIO,Undergraduate
Support,ARA,Undergraduate
Legal,CAS,Graduate
Legal,ADO,Undergraduate
Business Development,CAS,Graduate
Product Management,ADO,Undergraduate
Engineering,ARA,Graduate
Research and Development,BUS,Undergraduate
Human Resources,ARA,Graduate
Human Resources,BIO,Undergraduate
Research and Development,ARA,Undergraduate
Business Development,ANT,Undergraduate
Engineering,BRC,Graduate
Product Management,AMS,Graduate
Support,ADO,Graduate
Legal,ARA,Undergraduate
Research and Development,ANT,Graduate
Support,ARA,Graduate
Support,BRC,Graduate
Services,BUS,Undergraduate
Product Management,BUS,Undergraduate
Engineering,BIO,Graduate
Training,AMS,Graduate
Research and Development,ANT,Undergraduate
Human Resources,ADO,Graduate
Engineering,ARH,Undergraduate
Sales,BIO,Undergraduate
Sales,ARA,Graduate
Sales,CAS,Undergraduate
Marketing,ADO,Graduate
Training,AMS,Undergraduate
Services,ADO,Graduate
Marketing,BLW,Graduate
Training,ARA,Graduate
Engineering,CAS,Graduate
Training,ANT,Undergraduate
Engineering,ARH,Graduate
Sales,ARA,Graduate
Support,BIO,Undergraduate
Training,BIO,Undergraduate
Marketing,BUS,Graduate
Services,ARH,Graduate
Accounting,BRC,Graduate
Accounting,ANT,Undergraduate
Accounting,ADO,Graduate
Sales,ARA,Undergraduate
Business Development,ARH,Undergraduate
Legal,BRC,Graduate
Research and Development,BIO,Graduate
Product Management,CAS,Graduate
Legal,ARH,Undergraduate
Product Management,AMS,Undergraduate
Support,BUS,Undergraduate
Legal,ARA,Undergraduate
Support,BLW,Undergraduate
Legal,AMS,Undergraduate
Sales,ANT,Graduate
Services,BRC,Undergraduate
Training,ARA,Undergraduate
Support,ARA,Undergraduate
Product Management,ARH,Undergraduate
Accounting,CAS,Undergraduate
Business Development,CAS,Graduate
Product Management,BIO,Graduate
Engineering,BIO,Undergraduate
Marketing,BRC,Undergraduate
Product Management,BRC,Graduate
Research and Development,BRC,Undergraduate
Business Development,ANT,Graduate
Research and Development,ARH,Graduate
Engineering,ARH,Graduate
Marketing,BIO,Undergraduate
Engineering,BRC,Undergraduate
Marketing,ANT,Undergraduate
Engineering,CAS,Undergraduate
Product Management,AMS,Undergraduate
Product Management,BUS,Graduate
Sales,ARH,Graduate
Sales,ARH,Undergraduate
Legal,AMS,Graduate
Research and Development,ARH,Graduate
Engineering,BIO,Undergraduate
Business Development,BLW,Graduate
Human Resources,CAS,Graduate
Services,CAS,Undergraduate
Engineering,ADO,Graduate
Engineering,BUS,Undergraduate
Support,CAS,Graduate
Accounting,BIO,Graduate
Human Resources,BLW,Graduate
Business Development,BRC,Graduate
Accounting,BLW,Graduate
Training,BUS,Undergraduate
Human Resources,ARA,Undergraduate
Legal,BIO,Undergraduate
Services,AMS,Undergraduate
Business Development,BIO,Undergraduate
Research and Development,ARA,Undergraduate
Human Resources,BLW,Graduate
Support,CAS,Graduate
Marketing,CAS,Graduate
Legal,CAS,Graduate
Accounting,BUS,Undergraduate
Research and Development,CAS,Undergraduate
Product Management,ADO,Graduate
Sales,BLW,Graduate
Research and Development,ANT,Undergraduate
Business Development,AMS,Undergraduate
Support,ADO,Graduate
Legal,CAS,Undergraduate
Sales,CAS,Graduate
Legal,BRC,Graduate
Human Resources,AMS,Graduate
Engineering,ARH,Graduate
Training,BRC,Undergraduate
Legal,ADO,Undergraduate
Engineering,BUS,Undergraduate
Sales,BRC,Undergraduate
Research and Development,BLW,Graduate
Research and Development,ARA,Graduate
Marketing,CAS,Undergraduate
Business Development,ADO,Undergraduate
Research and Development,BUS,Undergraduate
Sales,BLW,Undergraduate
Sales,BLW,Graduate
Legal,BUS,Graduate
Legal,BIO,Graduate
Product Management,CAS,Graduate
Services,AMS,Undergraduate
Marketing,BIO,Undergraduate
Legal,ARH,Undergraduate
Sales,BRC,Graduate
Accounting,BRC,Undergraduate
Product Management,BRC,Undergraduate
Accounting,BLW,Graduate
Services,ANT,Graduate
Sales,ARA,Undergraduate
Accounting,BIO,Graduate
Services,AMS,Graduate
Training,ANT,Graduate
Training,BLW,Undergraduate
Marketing,BIO,Graduate
Training,CAS,Undergraduate
Support,CAS,Undergraduate
Support,BRC,Undergraduate
Research and Development,ADO,Undergraduate
Product Management,ADO,Undergraduate
Sales,BIO,Graduate
Engineering,BIO,Undergraduate
Marketing,ARH,Graduate
Research and Development,ADO,Graduate
Accounting,ANT,Undergraduate
Business Development,ARH,Undergraduate
Research and Development,ADO,Undergraduate
Product Management,ANT,Undergraduate
Support,BIO,Undergraduate
Training,BIO,Graduate
Training,BUS,Graduate
Training,ARH,Undergraduate
Training,BIO,Undergraduate
Support,ARA,Graduate
Human Resources,AMS,Graduate
Accounting,BIO,Undergraduate
Services,ADO,Undergraduate
Legal,AMS,Undergraduate
Business Development,ANT,Undergraduate
Training,ARH,Undergraduate
Sales,BIO,Graduate
Product Management,ANT,Graduate
Legal,ARA,Undergraduate
Business Development,ARA,Graduate
Engineering,AMS,Undergraduate
Legal,BLW,Undergraduate
Support,BLW,Undergraduate
Engineering,ARA,Undergraduate
Support,ADO,Undergraduate
Accounting,BIO,Undergraduate
Business Development,AMS,Graduate
Engineering,BIO,Undergraduate
Product Management,CAS,Graduate
Research and Development,ARH,Graduate
Training,ANT,Undergraduate
Accounting,ANT,Graduate
Engineering,ARA,Undergraduate
Research and Development,AMS,Graduate
Human Resources,CAS,Undergraduate
Research and Development,BIO,Graduate
Product Management,ANT,Graduate
Engineering,ADO,Graduate
Marketing,BRC,Undergraduate
Product Management,BRC,Graduate
Human Resources,AMS,Undergraduate
Support,CAS,Graduate
Business Development,BUS,Undergraduate
Engineering,BRC,Graduate
Accounting,BLW,Undergraduate
Accounting,BRC,Graduate
Human Resources,BIO,Undergraduate
Sales,ANT,Graduate
Accounting,ARH,Graduate
Sales,ANT,Graduate
Support,CAS,Graduate
Legal,AMS,Graduate
Human Resources,ANT,Graduate
Research and Development,BIO,Graduate
Research and Development,ANT,Graduate
Human Resources,BRC,Undergraduate
Sales,ARH,Graduate
Research and Development,AMS,Undergraduate
Human Resources,AMS,Graduate
Support,ARA,Graduate
Training,BLW,Undergraduate
Business Development,ANT,Undergraduate
Legal,ANT,Undergraduate
Accounting,ADO,Graduate
Accounting,CAS,Undergraduate
Support,ADO,Graduate
Accounting,BUS,Undergraduate
Product Management,BLW,Undergraduate
Training,ANT,Graduate
Legal,ANT,Undergraduate
Human Resources,ADO,Graduate
Engineering,AMS,Graduate
Legal,CAS,Undergraduate
Product Management,AMS,Undergraduate
Research and Development,CAS,Graduate
Accounting,CAS,Graduate
Training,ARA,Graduate
Accounting,ANT,Undergraduate
Product Management,ARA,Graduate
Engineering,AMS,Undergraduate
Services,ADO,Graduate
Product Management,AMS,Undergraduate
Accounting,ANT,Graduate
Support,ARH,Graduate
Services,ARH,Undergraduate
Services,CAS,Undergraduate
Business Development,ADO,Graduate
Legal,CAS,Undergraduate
Research and Development,BIO,Graduate
Engineering,BLW,Undergraduate
Sales,ARA,Undergraduate
Sales,BLW,Undergraduate
Legal,ARA,Undergraduate
Support,BIO,Graduate
Training,BLW,Undergraduate
Marketing,BUS,Undergraduate
Legal,AMS,Undergraduate
Product Management,BRC,Undergraduate
Services,ARH,Undergraduate
Engineering,BLW,Graduate
Support,BRC,Graduate
Accounting,BUS,Undergraduate
Research and Development,BLW,Undergraduate
Support,BLW,Undergraduate
Legal,BLW,Graduate
Marketing,AMS,Graduate
Human Resources,AMS,Graduate
Research and Development,ARH,Undergraduate
Engineering,ARA,Graduate
Services,ARA,Undergraduate
Services,ARH,Graduate
Training,BIO,Graduate
Research and Development,BLW,Undergraduate
Research and Development,AMS,Undergraduate
Research and Development,ADO,Graduate
Support,BIO,Graduate
Research and Development,AMS,Graduate
Product Management,ARA,Undergraduate
Business Development,BUS,Undergraduate
Accounting,BLW,Undergraduate
Human Resources,ARA,Undergraduate
Engineering,BIO,Graduate
Legal,BIO,Graduate
Research and Development,ARH,Undergraduate
Engineering,AMS,Undergraduate
Business Development,ANT,Undergraduate
Services,ADO,Graduate
Services,BRC,Undergraduate
Training,CAS,Graduate
Accounting,BIO,Undergraduate
Product Management,AMS,Graduate
Training,ADO,Graduate
Research and Development,BLW,Graduate
Engineering,ANT,Undergraduate
Sales,BUS,Undergraduate
Engineering,BRC,Undergraduate
Human Resources,BUS,Undergraduate
Sales,ARA,Undergraduate
Business Development,ADO,Undergraduate
Human Resources,ADO,Undergraduate
Legal,AMS,Graduate
Product Management,BLW,Undergraduate
Sales,ADO,Graduate
Product Management,ADO,Graduate
Marketing,BRC,Undergraduate
Engineering,BRC,Undergraduate
Engineering,ADO,Undergraduate
Research and Development,BIO,Undergraduate
Support,ARA,Graduate
Human Resources,BUS,Graduate
Training,ADO,Graduate
Human Resources,BUS,Undergraduate
Services,BLW,Undergraduate
Engineering,BLW,Undergraduate
Legal,BLW,Undergraduate
Accounting,BLW,Undergraduate
Engineering,BLW,Undergraduate
Training,CAS,Undergraduate
Human Resources,ARA,Graduate
Legal,BIO,Graduate
Human Resources,CAS,Undergraduate
Legal,BUS,Graduate
Product Management,ARH,Graduate
Services,CAS,Graduate
Engineering,AMS,Graduate
Training,BIO,Undergraduate
Marketing,BLW,Graduate
Sales,AMS,Graduate
Business Development,AMS,Graduate
Support,BLW,Undergraduate
Engineering,BUS,Graduate
Legal,CAS,Undergraduate
Marketing,ADO,Undergraduate
Research and Development,BIO,Graduate
Accounting,BRC,Undergraduate
Product Management,BLW,Graduate
Human Resources,BRC,Graduate
Training,ADO,Graduate
Product Management,BLW,Graduate
Legal,AMS,Graduate
Accounting,ADO,Graduate
Legal,ARH,Undergraduate
Support,ANT,Graduate
Business Development,ARH,Undergraduate
Support,BRC,Undergraduate
Human Resources,BLW,Graduate
Support,ANT,Graduate
Human Resources,BIO,Graduate
Sales,ARH,Undergraduate
Research and Development,ARH,Graduate
Marketing,ANT,Undergraduate
Human Resources,ARA,Graduate
Sales,BLW,Undergraduate
Engineering,BLW,Graduate
Research and Development,ARH,Undergraduate
Training,BRC,Graduate
Engineering,BIO,Graduate
Business Development,ARA,Undergraduate
Engineering,ANT,Graduate
Sales,ARH,Graduate
Training,BUS,Undergraduate
Sales,CAS,Undergraduate
Marketing,BUS,Graduate
Sales,BIO,Undergraduate
Accounting,BLW,Undergraduate
Training,ANT,Graduate
Product Management,BIO,Undergraduate
Research and Development,CAS,Graduate
Product Management,ARH,Undergraduate
Engineering,BIO,Undergraduate
Training,CAS,Graduate
Marketing,ANT,Undergraduate
Product Management,BUS,Undergraduate
Engineering,BLW,Graduate
Engineering,BUS,Graduate
Accounting,AMS,Undergraduate
Accounting,CAS,Graduate
Services,BRC,Undergraduate
Product Management,ARA,Graduate
Training,ARH,Graduate
Research and Development,ADO,Undergraduate
Research and Development,BUS,Undergraduate
Accounting,BLW,Graduate
Services,CAS,Graduate
Engineering,ARA,Graduate
Product Management,BIO,Graduate
Legal,BUS,Graduate
Support,ADO,Undergraduate
Legal,ARH,Undergraduate
Support,BLW,Undergraduate
Marketing,CAS,Graduate
Training,ARA,Undergraduate
Research and Development,ARH,Undergraduate
Engineering,ANT,Graduate
Training,CAS,Graduate
Research and Development,BIO,Graduate
Support,ADO,Undergraduate
Accounting,BUS,Graduate
Accounting,BIO,Undergraduate
Accounting,CAS,Graduate
Research and Development,ARH,Graduate
Product Management,BIO,Undergraduate
Training,BIO,Undergraduate
Engineering,CAS,Undergraduate
Support,CAS,Graduate
Engineering,BLW,Undergraduate
Accounting,AMS,Graduate
Marketing,BIO,Undergraduate
Training,ADO,Undergraduate
